Summary,Issue key,Issue id,Issue Type,Status,Project key,Project name,Project type,Project lead,Project lead id,Project description,Priority,Resolution,Assignee,Assignee Id,Reporter,Reporter Id,Creator,Creator Id,Created,Updated,Last Viewed,Resolved,Due date,Votes,Labels,Description,Environment,Watchers,Watchers Id,Original estimate,Remaining Estimate,Time Spent,Work Ratio,Σ Original Estimate,Σ Remaining Estimate,Σ Time Spent,Security Level,Inward issue link (Blocks),Inward issue link (Blocks),Inward issue link (Blocks),Inward issue link (Blocks),Outward issue link (Blocks),Attachment,Attachment,Custom field (Actual Result),Custom field (Actual end),Custom field (Actual start),Custom field (Category),Custom field (Change reason),Custom field (Change risk),Custom field (Change type),Custom field (Compass),Custom field (Development),Custom field (Epic Color),Custom field (Epic Link),Custom field (Epic Name),Custom field (Epic Status),Custom field (Expected Result),Custom field (Impact),Custom field (Issue color),Custom field (Locked forms),Custom field (Open forms),Custom field (Rank),Custom field (Request Type),Sprint,Custom field (Start date),Custom field (Story Points),Custom field (Story point estimate),Custom field (Submitted forms),Custom field (Target end),Custom field (Target start),Custom field (Team),Custom field (Test Steps),Custom field (Test level),Custom field (Test level),Custom field (Testcase Result),Custom field (Total forms),Custom field ([CHART] Date of First Response),Status Category
S01 - Search - Khách hàng có thể tìm sản phẩm theo giá,N4-50,10282,Story,Done,N4,N4_CD21LM1,software,Huy Ly,6057461f9620b5006ad26f53,,Medium,Done,,,Huy Ly,6057461f9620b5006ad26f53,Huy Ly,6057461f9620b5006ad26f53,05/Jan/23 5:19 PM,05/Jan/23 5:19 PM,05/Jan/23 5:20 PM,05/Jan/23 5:19 PM,,0,Search, Khách hàng có thể tìm sản phẩm theo giá,,Huy Ly,6057461f9620b5006ad26f53,,,,,,,,,,,,,,,,như mong đợi,,,,,,,,,,N4-3,,,Hiện ra sản phẩm với mức giá cần tìm,,,,,0|i001pb:,,,,,,,,,,1) Click vào khoản giá cần tìm,,Unit,Pass,,,Done
LO01- Log out - Khách hàng có thể đăng xuất tài khoản,N4-49,10281,Story,Done,N4,N4_CD21LM1,software,Huy Ly,6057461f9620b5006ad26f53,,Medium,Done,,,Huy Ly,6057461f9620b5006ad26f53,Huy Ly,6057461f9620b5006ad26f53,05/Jan/23 5:17 PM,05/Jan/23 5:17 PM,05/Jan/23 5:20 PM,05/Jan/23 5:17 PM,,0,Login, Khách hàng có thể đăng xuất tài khoản,,Huy Ly,6057461f9620b5006ad26f53,,,,,,,,,,,,,,,,Như mong đợi,,,,,,,,,,N4-2,,,Khách hàng có thể đăng xuất tài khoản,,,,,0|i001p3:,,N4 Sprint 1,,,,,,,,"1) Click chuột vào đăng xuất
2) Chuyển trang web về trang chủ",,Unit,Pass,,,Done
SM - History - Khách hàng có thể xem lịch sử giao dịch sau khi thanh toán,N4-48,10280,Story,Done,N4,N4_CD21LM1,software,Huy Ly,6057461f9620b5006ad26f53,,Medium,Done,,,Huy Ly,6057461f9620b5006ad26f53,Huy Ly,6057461f9620b5006ad26f53,05/Jan/23 5:08 PM,05/Jan/23 5:08 PM,05/Jan/23 5:20 PM,05/Jan/23 5:08 PM,,0,History,Khách hàng có thể xem lịch sử giao dịch sau khi thanh toán,,Huy Ly,6057461f9620b5006ad26f53,,,,,,,,,,,,,,,,Như mong đợi,,,,,,,,,,N4-8,,,Khách hàng có thể xem lịch sử giao dịch sau khi thanh toán,,,,,0|i001ov:,,N4 Sprint 1,,,,,,,,1) Sau khi thanh toán chọn thông tin cá nhân,,System,Pass,,,Done
SM - Payment -  Khách hàng click vào phương thức thanh toán sẽ chuyển đến trang tiếp theo,N4-47,10279,Story,Done,N4,N4_CD21LM1,software,Huy Ly,6057461f9620b5006ad26f53,,Medium,Done,,,Huy Ly,6057461f9620b5006ad26f53,Huy Ly,6057461f9620b5006ad26f53,05/Jan/23 4:54 PM,05/Jan/23 4:58 PM,05/Jan/23 5:20 PM,05/Jan/23 4:54 PM,,0,Payment, Khách hàng click vào phương thức thanh toán sẽ chuyển đến trang tiếp theo,,Huy Ly,6057461f9620b5006ad26f53,,,,,,,,,N4-45,N4-43,N4-42,N4-41,,,,Như mong đợi,,,,,,,,,,N4-10,,,Khách hàng click vào phương thức thanh toán sẽ chuyển đến trang tiếp theo,,,,,0|i001on:,,,,,,,,,,1) Click chuột vào Phương thức thanh toán,,System,Pass,,,Done
IPF07- Verify Search - Search is invalid,N4-46,10278,Bug,In Progress,N4,N4_CD21LM1,software,Huy Ly,6057461f9620b5006ad26f53,,Medium,,,,Quang Duy Trịnh,617f80be20972200717ca06b,Quang Duy Trịnh,617f80be20972200717ca06b,05/Jan/23 4:51 PM,05/Jan/23 5:10 PM,05/Jan/23 5:20 PM,,,0,Search,"Search is invalid , system  show an error 

test data

search:  (nhập vào nhiều khoảng trắng)",,Quang Duy Trịnh,617f80be20972200717ca06b,,,,,,,,,,,,,,,,"System show ""Hiện kết quả""",,,,,,,,,,N4-3,,,"System show ""Không có kết quả""",,,,,0|i001of:,,N4 Sprint 1,,,,,,,,"1. click on search
2. Enter blank",,Integration,Fail,,,In Progress
"P04 - Payment - Tỉnh/ quận, huyện / phường, xã không được để trống",N4-45,10277,Story,Done,N4,N4_CD21LM1,software,Huy Ly,6057461f9620b5006ad26f53,,Medium,Done,,,Huy Ly,6057461f9620b5006ad26f53,Huy Ly,6057461f9620b5006ad26f53,05/Jan/23 4:46 PM,05/Jan/23 4:58 PM,05/Jan/23 5:20 PM,05/Jan/23 4:46 PM,,0,Payment,"Tỉnh/ quận, huyện / phường, xã không được để trống",,Huy Ly,6057461f9620b5006ad26f53,,,,,,,,,,,,,N4-47,,,Như mong đợi,,,,,,,,,,N4-10,,,"Tỉnh/ quận, huyện / phường, xã không được để trống",,,,,0|i001o7:,,N4 Sprint 1,,,,,,,,"1)Nhập đầy đủ thông tin theo yêu cầu
2) Không click chuột vào form tỉnh/ quận,huyện/ phường, xã
3)Click chuột vào Phương thức thanh toán",,Unit,Pass,,,Done
"SM - Verify Sign Up - Đăng kí Thành công, chuyển qua màn hình đăng nhập",N4-44,10276,Story,Done,N4,N4_CD21LM1,software,Huy Ly,6057461f9620b5006ad26f53,,Medium,Done,,,Huy Ly,6057461f9620b5006ad26f53,Quang Duy Trịnh,617f80be20972200717ca06b,05/Jan/23 4:45 PM,05/Jan/23 4:46 PM,05/Jan/23 5:20 PM,05/Jan/23 4:46 PM,,0,SignUp," Đăng kí Thành công, chuyển qua màn hình đăng nhập",,Quang Duy Trịnh,617f80be20972200717ca06b,,,,,,,,,,,,,,,,sau khi đăng kí thành công tự động đăng nhập,,,,,,,,,,N4-1,,,sau khi đăng kí thành công tự động đăng nhập,,,,,0|i001nz:,,N4 Sprint 1,,,,,,,,"1. Enter require all field
2. Đăng kí",,System,Pass,,,Done
P03 - Payment - Địa chỉ không được để trống,N4-43,10275,Story,Done,N4,N4_CD21LM1,software,Huy Ly,6057461f9620b5006ad26f53,,Medium,Done,,,Huy Ly,6057461f9620b5006ad26f53,Huy Ly,6057461f9620b5006ad26f53,05/Jan/23 4:43 PM,05/Jan/23 4:58 PM,05/Jan/23 5:20 PM,05/Jan/23 4:43 PM,,0,Payment,Địa chỉ không được để trống,,Huy Ly,6057461f9620b5006ad26f53,,,,,,,,,,,,,N4-47,,,Như mong đợi,,,,,,,,,,N4-10,,,Địa chỉ không được để trống,,,,,0|i001nr:,,N4 Sprint 1,,,,,,,,"1) Không nhập dữ liệu vào form địa chỉ
2) Nhập đầy đủ thông tin còn lại theo yêu cầu
3)Click chuột vào Phương thức thanh toán",,Unit,Pass,,,Done
P02 - Payment - Số điện thoại không được để trống,N4-42,10274,Story,Done,N4,N4_CD21LM1,software,Huy Ly,6057461f9620b5006ad26f53,,Medium,Done,,,Huy Ly,6057461f9620b5006ad26f53,Huy Ly,6057461f9620b5006ad26f53,05/Jan/23 4:38 PM,05/Jan/23 4:58 PM,05/Jan/23 5:20 PM,05/Jan/23 4:40 PM,,0,Payment,Số điện thoại không được để trống,,Huy Ly,6057461f9620b5006ad26f53,,,,,,,,,,,,,N4-47,,,Như mong đợi,,,,,,,,,,N4-10,,,Số điện thoại không được để trống,,,,,0|i001nj:,,N4 Sprint 1,,,,,,,,"1)Không nhập thông tin vào form số điện thoại
2) Nhập tất cả thông tin còn lại theo yêu cầu
3) Click chuột vào Phương thức thanh toán",,Unit,Pass,,,Done
P01 - Payment - Họ và tên không được để trống,N4-41,10273,Story,Done,N4,N4_CD21LM1,software,Huy Ly,6057461f9620b5006ad26f53,,Medium,Done,,,Huy Ly,6057461f9620b5006ad26f53,Huy Ly,6057461f9620b5006ad26f53,05/Jan/23 4:35 PM,05/Jan/23 4:58 PM,05/Jan/23 5:20 PM,05/Jan/23 4:35 PM,,0,Payment,Họ và tên không được để trống ,,Huy Ly,6057461f9620b5006ad26f53,,,,,,,,,,,,,N4-47,,,Như mong đợi,,,,,,,,,,N4-10,,,Họ và tên không để trống,,,,,0|i001nb:,,N4 Sprint 1,,,,,,,,"1) Không nhập dữ liệu vào form Họ và tên
2) Nhập đầy đủ các thông tin còn lại 
3) Click chuột vào Phương thức thanh toán",,Unit,Pass,,,Done
SC04 - Shopping Cart - Customers can update product quantity,N4-40,10272,Story,Done,N4,N4_CD21LM1,software,Huy Ly,6057461f9620b5006ad26f53,,Medium,Done,,,Huy Ly,6057461f9620b5006ad26f53,Huy Ly,6057461f9620b5006ad26f53,05/Jan/23 4:23 PM,05/Jan/23 4:23 PM,05/Jan/23 5:20 PM,05/Jan/23 4:23 PM,,0,ShoppingCart,Customers can update product quantity,,Huy Ly,6057461f9620b5006ad26f53,,,,,,,,,,,,,,,,Như mong đợi,,,,,,,,,,N4-4,,,Customers can update product quantity,,,,,0|i001n3:,,N4 Sprint 1,,,,,,,,"1) Click chuột vào giỏ hàng, chọn xem giỏ hàng
2) Nhập số lượng sản phẩm bạn muốn thay đổi",,Unit,Pass,,,Done
SC03 - Shopping Cart - Customers can delete products in the shopping cart,N4-39,10271,Story,Done,N4,N4_CD21LM1,software,Huy Ly,6057461f9620b5006ad26f53,,Medium,Done,,,Huy Ly,6057461f9620b5006ad26f53,Huy Ly,6057461f9620b5006ad26f53,05/Jan/23 4:19 PM,05/Jan/23 4:20 PM,05/Jan/23 5:20 PM,05/Jan/23 4:19 PM,,0,ShoppingCart,Customers can delete products in the shopping cart,,Huy Ly,6057461f9620b5006ad26f53,,,,,,,,,,,,,,,,Như mong đợi,,,,,,,,,,N4-4,,,The product has been removed from the cart,,,,,0|i001mv:,,N4 Sprint 1,,,,,,,,"1)Click chuột vào giỏ hàng , chọn xem giỏ hàng
2) Chọn xoá ",,Unit,Pass,,,Done
SC02 - Shopping Cart - Customers can add products to the cart,N4-38,10270,Story,Done,N4,N4_CD21LM1,software,Huy Ly,6057461f9620b5006ad26f53,,Medium,Done,,,Huy Ly,6057461f9620b5006ad26f53,Huy Ly,6057461f9620b5006ad26f53,05/Jan/23 4:15 PM,05/Jan/23 4:21 PM,05/Jan/23 5:20 PM,05/Jan/23 4:21 PM,,0,ShoppingCart,{{Customers can add products to the cart}},,Huy Ly,6057461f9620b5006ad26f53,,,,,,,,,,,,,,,,Như mong đợi ,,,,,,,,,,N4-4,,,Customers can add products to the cart,,,,,0|i001mn:,,,,,,,,,,"1) Click chuột vào sản phẩm 
2) Chọn thêm vào giỏ hàng
3) Click vào cập nhật giỏ hàng
",,Unit,Pass,,,Done
SC01 - Shopping Cart - Customers must be able to see the number of products in the cart,N4-37,10269,Story,Done,N4,N4_CD21LM1,software,Huy Ly,6057461f9620b5006ad26f53,,Medium,Done,,,Huy Ly,6057461f9620b5006ad26f53,Huy Ly,6057461f9620b5006ad26f53,05/Jan/23 4:11 PM,05/Jan/23 4:11 PM,05/Jan/23 5:20 PM,05/Jan/23 4:11 PM,,0,ShoppingCart,Customers must be able to see the number of products in the cart,,Huy Ly,6057461f9620b5006ad26f53,,,,,,,,,,,,,,,,Giỏ hàng trống. Chưa có sản phẩm nào trong giỏ hàng,,,,,,,,,,N4-4,,,Giỏ hàng trống,,,,,0|i001mf:,,N4 Sprint 1,,,,,,,,"1) Đăng nhập tài khoản vào web
2) Click chuột vào giỏ hàng ",,Unit,Pass,,,Done
IPF06 - Verify Login - Password is invalid ,N4-36,10268,Bug,In Progress,N4,N4_CD21LM1,software,Huy Ly,6057461f9620b5006ad26f53,,Medium,,Quang Duy Trịnh,617f80be20972200717ca06b,Quang Duy Trịnh,617f80be20972200717ca06b,Quang Duy Trịnh,617f80be20972200717ca06b,05/Jan/23 4:09 PM,05/Jan/23 4:15 PM,05/Jan/23 5:20 PM,,,0,LogIn,"if Password is invalid, system  show an error 

Test data

Email: duy123@gmail.com

Mật Khẩu: duy",,Quang Duy Trịnh,617f80be20972200717ca06b,,,,,,,,,,,,,,05/Jan/23 4:15 PM;617f80be20972200717ca06b;login02.png;https://lyquanghuy.atlassian.net/secure/attachment/10170/login02.png,,"System show ""Thông tin đăng nhập không hợp lệ.""",,,,,,,,,,N4-2,,,"System show ""Nhập Mật Khẩu tối thiểu 5 kí tự""",,,,,0|i001m7:,,N4 Sprint 1,,,,,,,,"1. Enter require all field
2. Đăng nhập",,Integration,Fail,,,In Progress
LI05 - Quên mật khẩu - Chúng tôi đã gửi một email với đường dẫn để giúp bạn cập nhật mật khẩu.,N4-35,10267,Story,Done,N4,N4_CD21LM1,software,Huy Ly,6057461f9620b5006ad26f53,,Medium,Done,,,Huy Ly,6057461f9620b5006ad26f53,Huy Ly,6057461f9620b5006ad26f53,05/Jan/23 4:04 PM,05/Jan/23 4:04 PM,05/Jan/23 5:20 PM,05/Jan/23 4:04 PM,,0,,Chúng tôi đã gửi một email với đường dẫn để giúp bạn cập nhật mật khẩu.,,Huy Ly,6057461f9620b5006ad26f53,,,,,,,,,,,,,,,,Chúng tôi đã gửi một email với đường dẫn để giúp bạn cập nhật mật khẩu.,,,,,,,,,,N4-7,,,Chúng tôi đã gửi một email với đường dẫn để giúp bạn cập nhật mật khẩu.,,,,,0|i001lz:,,N4 Sprint 1,,,,,,,,"1) Nhập email được dùng để tạo tài khoản
2) Submit",,Unit,Pass,,,Done
LI04 - Quên mật khẩu - Không tìm thấy tài khoản với email vừa nhập ,N4-34,10266,Story,Done,N4,N4_CD21LM1,software,Huy Ly,6057461f9620b5006ad26f53,,Medium,Done,,,Huy Ly,6057461f9620b5006ad26f53,Huy Ly,6057461f9620b5006ad26f53,05/Jan/23 4:01 PM,05/Jan/23 4:01 PM,05/Jan/23 5:20 PM,05/Jan/23 4:01 PM,,0,ResetPassword,Không tìm thấy tài khoản với email vừa nhập,,Huy Ly,6057461f9620b5006ad26f53,,,,,,,,,,,,,,,,Như mong đợi,,,,,,,,,,N4-7,,,Không tìm thấy tài khoản với email vừa nhập,,,,,0|i001lr:,,N4 Sprint 1,,,,,,,,"1) Nhập địa chỉ email chưa tạo tài khoản
2) Submit",,Unit,Pass,,,Done
IPF05 - Verify Reset Password - Forgot Password Email not exist,N4-33,10265,Story,Done,N4,N4_CD21LM1,software,Huy Ly,6057461f9620b5006ad26f53,,Medium,Done,,,Quang Duy Trịnh,617f80be20972200717ca06b,Quang Duy Trịnh,617f80be20972200717ca06b,05/Jan/23 3:55 PM,05/Jan/23 3:56 PM,05/Jan/23 5:20 PM,05/Jan/23 3:56 PM,,0,ResetPassword,"if Email is invalid, system show an error 

test data

Email: qwe@gmail.com",,Quang Duy Trịnh,617f80be20972200717ca06b,,,,,,,,,,,,,,,,"System show ""Không tìm thấy tài khoản nào với email này..""",,,,,,,,,,N4-7,,,"System show ""Không tìm thấy tài khoản nào với email này..""",,,,,0|i001lj:,,N4 Sprint 1,,,,,,,,"1. select Quên Mật Khẩu
2. Enter require in field
3. Gửi",,Integration,Pass,,,Done
IPF04 - Verify Reset Password - Forgot Password Email is invalid ,N4-32,10264,Story,Done,N4,N4_CD21LM1,software,Huy Ly,6057461f9620b5006ad26f53,,Medium,Done,,,Quang Duy Trịnh,617f80be20972200717ca06b,Quang Duy Trịnh,617f80be20972200717ca06b,05/Jan/23 3:49 PM,05/Jan/23 3:57 PM,05/Jan/23 5:20 PM,05/Jan/23 3:57 PM,,0,ResetPassword,"if Email is invalid, system show an error 

test data

Email: duy@gmail",,Quang Duy Trịnh,617f80be20972200717ca06b,,,,,,,,,,,,,,,,"System show ""Email không hợp lệ.""",,,,,,,,,,N4-7,,,"System show ""Email không hợp lệ.""",,,,,0|i001lb:,,N4 Sprint 1,,,,,,,,"1. select Quên Mật Khẩu
2. Enter require in field
3. Gửi",,Integration,Pass,,,Done
LI03 - Mật khẩu - Mật khẩu không được để trống,N4-31,10263,Story,Done,N4,N4_CD21LM1,software,Huy Ly,6057461f9620b5006ad26f53,,Medium,Done,,,Huy Ly,6057461f9620b5006ad26f53,Huy Ly,6057461f9620b5006ad26f53,05/Jan/23 3:49 PM,05/Jan/23 3:49 PM,05/Jan/23 5:20 PM,05/Jan/23 3:49 PM,,0,Login,Mật khẩu không được để trống,,Huy Ly,6057461f9620b5006ad26f53,,,,,,,,,,,,,,,,Như mong đợi,,,,,,,,,,N4-2,,,Mật khẩu không được để trống,,,,,0|i001l3:,,N4 Sprint 1,,,,,,,,"1) Nhập đầy đủ thông tin yêu cầu
2) Không nhập mật khẩu ở form mật khẩu
3) Submit",,Unit,Pass,,,Done
LI02 - Email - Email phải hợp lệ,N4-30,10262,Bug,In Progress,N4,N4_CD21LM1,software,Huy Ly,6057461f9620b5006ad26f53,,Medium,,,,Huy Ly,6057461f9620b5006ad26f53,Huy Ly,6057461f9620b5006ad26f53,05/Jan/23 3:46 PM,05/Jan/23 5:11 PM,05/Jan/23 5:20 PM,,,0,Login,"Email phải hợp lệ

Test data: !@gmail.com",,Huy Ly,6057461f9620b5006ad26f53,,,,,,,,,,,,,,05/Jan/23 3:46 PM;6057461f9620b5006ad26f53;email1.png;https://lyquanghuy.atlassian.net/secure/attachment/10167/email1.png,05/Jan/23 3:46 PM;6057461f9620b5006ad26f53;email2.png;https://lyquanghuy.atlassian.net/secure/attachment/10168/email2.png,Không như mong đợi,,,,,,,,,,N4-2,,,Email phải hợp lệ,,,,,0|i001kv:,,N4 Sprint 1,,,,,,,,"1) Nhập test data vào form email
2) Nhập đầy đủ thông tin còn lại 
3) Submit",,Unit,Fail,,,In Progress
LI01- Email - Email không được để trống,N4-29,10261,Story,Done,N4,N4_CD21LM1,software,Huy Ly,6057461f9620b5006ad26f53,,Medium,Done,,,Huy Ly,6057461f9620b5006ad26f53,Huy Ly,6057461f9620b5006ad26f53,05/Jan/23 3:40 PM,05/Jan/23 3:41 PM,05/Jan/23 5:20 PM,05/Jan/23 3:41 PM,,0,Login,Email không được để trống,,Huy Ly,6057461f9620b5006ad26f53,,,,,,,,,,,,,,,,Như mong đợi ,,,,,,,,,,N4-2,,,Email không được để trống,,,,,0|i001kn:,,N4 Sprint 1,,,,,,,,"1) Không nhập email vào form email
2) Nhập thông tin các yêu cầu còn lại
3) Submit
",,Unit,Pass,,,Done
"SU16 - Mật khẩu - Mật khẩu bao gồm cả chữ, số, viết hoa, viết thường và cả những kí tự đặc biệt",N4-28,10260,Bug,In Progress,N4,N4_CD21LM1,software,Huy Ly,6057461f9620b5006ad26f53,,Medium,,,,Huy Ly,6057461f9620b5006ad26f53,Huy Ly,6057461f9620b5006ad26f53,05/Jan/23 3:31 PM,05/Jan/23 5:12 PM,05/Jan/23 5:20 PM,,,0,SignUp,"Gợi ý cách đặt mật khẩu cho khách hàng. Mật khẩu bao gồm cả chữ, số, viết hoa, viết thường và cả những kí tự đặc biệt để tăng tính bảo mật",,Huy Ly,6057461f9620b5006ad26f53,,,,,,,,,,,,,,05/Jan/23 3:31 PM;6057461f9620b5006ad26f53;dk16.png;https://lyquanghuy.atlassian.net/secure/attachment/10166/dk16.png,,Không như mong đợi ,,,,,,,,,,N4-1,,,"Mật khẩu bao gồm cả chữ, số, viết hoa, viết thường và cả những kí tự đặc biệt",,,,,0|i001kf:,,N4 Sprint 1,,,,,,,,"1) Click chuột vào form
2) Nhập ký tự vào form
",,Unit,Fail,,,In Progress
SU15 - Mật khẩu - Mật khẩu tối thiểu 6 ký tự,N4-27,10259,Story,Done,N4,N4_CD21LM1,software,Huy Ly,6057461f9620b5006ad26f53,,Medium,Done,,,Huy Ly,6057461f9620b5006ad26f53,Huy Ly,6057461f9620b5006ad26f53,05/Jan/23 3:20 PM,05/Jan/23 3:56 PM,05/Jan/23 5:20 PM,05/Jan/23 3:20 PM,,0,SignUp,Mật khẩu tối thiểu 6 ký tự,,Huy Ly,6057461f9620b5006ad26f53,,,,,,,,,,,,,,,,Mật khẩu quá ngắn (tối thiểu 6 ký tự).,,,,,,,,,,N4-1,,, Mật khẩu tối thiểu 6 ký tự,,,,,0|i001k7:,,N4 Sprint 1,,,,,,,,"1) Nhập đầy đủ thông tin yêu cầu 
2) Ở form mật khẩu nhập ít hơn 6 ký tự 
3) Submit",,Unit,Pass,,,Done
SU14 - Mật khẩu - Mật khẩu không được để trống,N4-26,10258,Story,Done,N4,N4_CD21LM1,software,Huy Ly,6057461f9620b5006ad26f53,,Medium,Done,,,Huy Ly,6057461f9620b5006ad26f53,Huy Ly,6057461f9620b5006ad26f53,05/Jan/23 3:11 PM,05/Jan/23 3:35 PM,05/Jan/23 5:20 PM,05/Jan/23 3:11 PM,,0,SignUp, Mật khẩu không được để trống,,Huy Ly,6057461f9620b5006ad26f53,,,,,,,,,,,,,,,,Như mong đợi,,,,,,,,,,N4-1,,,Mật khẩu không được để trống,,,,,0|i001jz:,,N4 Sprint 1,,,,,,,,"1) Nhập đầy đủ thông tin yêu cầu
2) Không nhập thông tin ở form mật khẩu
3) Submit",,Unit,Pass,,,Done
SU13 - Email - Ký tự đầu tiên không được để khoảng trắng,N4-25,10257,Bug,In Progress,N4,N4_CD21LM1,software,Huy Ly,6057461f9620b5006ad26f53,,Medium,,,,Huy Ly,6057461f9620b5006ad26f53,Huy Ly,6057461f9620b5006ad26f53,05/Jan/23 3:04 PM,05/Jan/23 5:12 PM,05/Jan/23 5:20 PM,,,0,SignUp," Ký tự đầu tiên không được để khoảng trắng

Test data: abc123@gmail.com",,Huy Ly,6057461f9620b5006ad26f53,,,,,,,,,,,,,,05/Jan/23 3:04 PM;6057461f9620b5006ad26f53;e13.png;https://lyquanghuy.atlassian.net/secure/attachment/10165/e13.png,,Không như mong đợi,,,,,,,,,,N4-1,,, Ký tự đầu tiên không được để khoảng trắng,,,,,0|i001jr:,,N4 Sprint 1,,,,,,,,"1) Nhập ký tự đầu tiên là dấu cách
2) Nhập test data
3) Ấn tab",,Unit,Fail,,,In Progress
IPF03 - Verify Login - Login is invalid,N4-24,10256,Bug,In Progress,N4,N4_CD21LM1,software,Huy Ly,6057461f9620b5006ad26f53,,Medium,,,,Quang Duy Trịnh,617f80be20972200717ca06b,Quang Duy Trịnh,617f80be20972200717ca06b,05/Jan/23 2:57 PM,05/Jan/23 4:14 PM,05/Jan/23 5:20 PM,,,0,LogIn,"if Email is invalid, system  show an error 

Test data

Email: duy123@gmail

Mật Khẩu: Duy123",,Quang Duy Trịnh,617f80be20972200717ca06b,,,,,,,,,,,,,,05/Jan/23 4:14 PM;617f80be20972200717ca06b;login01.png;https://lyquanghuy.atlassian.net/secure/attachment/10169/login01.png,,"System show ""Số điện thoại không hợp lệ.""",,,,,,,,,,N4-2,,,"System show ""Email không hợp lệ""",,,,,0|i001jj:,,N4 Sprint 1,,,,,,,,"1. Enter require all field
2. Đăng nhập",,Integration,Fail,,,In Progress
SU12 - Email - Địa chỉ email không hợp lệ,N4-23,10255,Bug,In Progress,N4,N4_CD21LM1,software,Huy Ly,6057461f9620b5006ad26f53,,Medium,,,,Huy Ly,6057461f9620b5006ad26f53,Huy Ly,6057461f9620b5006ad26f53,05/Jan/23 2:55 PM,05/Jan/23 5:12 PM,05/Jan/23 5:20 PM,,,0,SignUp,"Địa chỉ email không hợp lệ

Test data: ####@gmail.com",,Huy Ly,6057461f9620b5006ad26f53,,,,,,,,,,,,,,05/Jan/23 2:55 PM;6057461f9620b5006ad26f53;e12.png;https://lyquanghuy.atlassian.net/secure/attachment/10164/e12.png,,Không như mong đợi,,,,,,,,,,N4-1,,,Địa chỉ email không hợp lệ,,,,,0|i001jb:,,N4 Sprint 1,,,,,,,,"1)Nhập test data vào 
2) Ấn tab",,Unit,Fail,,,In Progress
IPF02 - Verify Sign Up - Email existed in system ,N4-22,10254,Story,Done,N4,N4_CD21LM1,software,Huy Ly,6057461f9620b5006ad26f53,,Medium,Done,,,Quang Duy Trịnh,617f80be20972200717ca06b,Quang Duy Trịnh,617f80be20972200717ca06b,05/Jan/23 2:50 PM,05/Jan/23 2:52 PM,05/Jan/23 5:20 PM,05/Jan/23 2:50 PM,,0,SignUp,"if same Email existed in system. System show an Error 

Test data

Email: duy123@gmail.com

Mật Khẩu: Duy123",,Quang Duy Trịnh,617f80be20972200717ca06b,,,,,,,,,,,,,,05/Jan/23 2:45 PM;617f80be20972200717ca06b;signup02.png;https://lyquanghuy.atlassian.net/secure/attachment/10163/signup02.png,,"System show ""Email đã tồn tại. Nếu bạn quên mật khẩu, bạn có thể thiết lập lại mật khẩu tại đây.""",,,,,,,,,,N4-1,,,"System show ""Email đã tồn tại""",,,,,0|i001j3:,,N4 Sprint 1,,,,,,,,"1. Enter require all field
2. Đăng kí",,Integration,Pass,,,Done
SU11 - Email - Email không được để trống,N4-21,10253,Bug,In Progress,N4,N4_CD21LM1,software,Huy Ly,6057461f9620b5006ad26f53,,Medium,,,,Huy Ly,6057461f9620b5006ad26f53,Huy Ly,6057461f9620b5006ad26f53,05/Jan/23 2:35 PM,05/Jan/23 5:13 PM,05/Jan/23 5:13 PM,,,0,SignUp,Email không được để trống,,Huy Ly,6057461f9620b5006ad26f53,,,,,,,,,,,,,,05/Jan/23 2:44 PM;6057461f9620b5006ad26f53;dk11.png;https://lyquanghuy.atlassian.net/secure/attachment/10162/dk11.png,,Không như mong đợi,,,,,,,,,,N4-1,,,Email không được để trống,,,,,0|i001iv:,,N4 Sprint 1,,,,,,,,"1) Click chuột vào form
2) Ấn tab",,Unit,Fail,,,In Progress
SU10 - Họ - Chỉ được nhập chữ vào form,N4-20,10252,Story,Done,N4,N4_CD21LM1,software,Huy Ly,6057461f9620b5006ad26f53,,Medium,Done,,,Huy Ly,6057461f9620b5006ad26f53,Huy Ly,6057461f9620b5006ad26f53,05/Jan/23 2:32 PM,05/Jan/23 3:34 PM,05/Jan/23 5:20 PM,05/Jan/23 2:32 PM,,0,SignUp,Chỉ được nhập chữ vào form,,Huy Ly,6057461f9620b5006ad26f53,,,,,,,,,,,,,,,,Như mong đợi,,,,,,,,,,N4-1,,,Chỉ được nhập chữ vào form,,,,,0|i001in:,,N4 Sprint 1,,,,,,,,"1) Nhập chữ vào form
2) Ấn tab",,Unit,Pass,,,Done
SU09 - Họ - Không được nhập số vào form ,N4-19,10251,Bug,In Progress,N4,N4_CD21LM1,software,Huy Ly,6057461f9620b5006ad26f53,,Medium,,,,Huy Ly,6057461f9620b5006ad26f53,Huy Ly,6057461f9620b5006ad26f53,05/Jan/23 2:31 PM,05/Jan/23 5:13 PM,05/Jan/23 5:20 PM,,,0,SignUp, Không được nhập số vào form,,Huy Ly,6057461f9620b5006ad26f53,,,,,,,,,,,,,,05/Jan/23 2:31 PM;6057461f9620b5006ad26f53;image-20230105-073101.png;https://lyquanghuy.atlassian.net/secure/attachment/10160/image-20230105-073101.png,,không như mong đợi,,,,,,,,,,N4-1,,, Không được nhập số vào form,,,,,0|i001if:,,N4 Sprint 1,,,,,,,,"1) Nhập số vào form
2) Ấn tab",,Unit,Fail,,,In Progress
SU08 - Họ - Ký tự đầu tiên không được có khoảng trắng,N4-18,10250,Bug,In Progress,N4,N4_CD21LM1,software,Huy Ly,6057461f9620b5006ad26f53,,Medium,,,,Huy Ly,6057461f9620b5006ad26f53,Huy Ly,6057461f9620b5006ad26f53,05/Jan/23 2:29 PM,05/Jan/23 5:14 PM,05/Jan/23 5:14 PM,,,0,SignUp, Ký tự đầu tiên không được có khoảng trắng,,Huy Ly,6057461f9620b5006ad26f53,,,,,,,,,,,,,,05/Jan/23 2:29 PM;6057461f9620b5006ad26f53;dk08.png;https://lyquanghuy.atlassian.net/secure/attachment/10158/dk08.png,,không như mong đợi,,,,,,,,,,N4-1,,, Ký tự đầu tiên không được có khoảng trắng,,,,,0|i001i7:,,,,,,,,,,"1) Nhập khoảng cách vào form
2) Ấn tab",,Unit,Fail,,,In Progress
IPF01 - Verify Sign up - Email is invalid ,N4-17,10249,Story,Done,N4,N4_CD21LM1,software,Huy Ly,6057461f9620b5006ad26f53,,Medium,Done,,,Quang Duy Trịnh,617f80be20972200717ca06b,Quang Duy Trịnh,617f80be20972200717ca06b,05/Jan/23 2:27 PM,05/Jan/23 2:32 PM,05/Jan/23 5:20 PM,05/Jan/23 2:32 PM,,0,SignUp,"If same Email is invalid, system shows an error.

Test data

Email: duy@gmail

Mật Khẩu: 123",,Quang Duy Trịnh,617f80be20972200717ca06b,,,,,,,,,,,,,,,,"System show ""Yêu cầu không hợp lệ, hoặc quá hạn, phiền bạn thử lại""",,,,,,,,,,N4-1,,,"System show ""Yêu cầu không hợp lệ, hoặc quá hạn, phiền bạn thử lại""",,,,,0|i001hz:,,N4 Sprint 1,,,,,,,,"1. Enter require all Field
2. submit",,Integration,Pass,,,Done
SU07- Họ - Họ không được chứa ký tự đặc biệt,N4-16,10248,Bug,In Progress,N4,N4_CD21LM1,software,Huy Ly,6057461f9620b5006ad26f53,,Medium,,,,Huy Ly,6057461f9620b5006ad26f53,Huy Ly,6057461f9620b5006ad26f53,05/Jan/23 2:25 PM,05/Jan/23 5:14 PM,05/Jan/23 5:20 PM,,,0,SignUp,Form Họ không được chứa ký tự đặc biệt,,Huy Ly,6057461f9620b5006ad26f53,,,,,,,,,,,,,,05/Jan/23 2:25 PM;6057461f9620b5006ad26f53;dk07.png;https://lyquanghuy.atlassian.net/secure/attachment/10156/dk07.png,,không như mong đợi,,,,,,,,,,N4-1,,,Hiển thị thông báo Form Họ không được chứa ký tự đặc biệt,,,,,0|i001hr:,,N4 Sprint 1,,,,,,,,"1) Nhập ký tự đặc biệt vào form
2) Ấn tab",,Unit,Fail,,,In Progress
SU06 - Họ - Họ không được để trống,N4-15,10247,Bug,In Progress,N4,N4_CD21LM1,software,Huy Ly,6057461f9620b5006ad26f53,,Medium,,,,Huy Ly,6057461f9620b5006ad26f53,Huy Ly,6057461f9620b5006ad26f53,05/Jan/23 2:22 PM,05/Jan/23 5:14 PM,05/Jan/23 5:14 PM,,,0,,From Họ không được để trống,,Huy Ly,6057461f9620b5006ad26f53,,,,,,,,,,,,,,05/Jan/23 2:21 PM;6057461f9620b5006ad26f53;dk06.png;https://lyquanghuy.atlassian.net/secure/attachment/10155/dk06.png,,không như mong đợi,,,,,,,,,,N4-1,,,Thông báo form Họ không được để trống,,,,,0|i001hj:,,N4 Sprint 1,,,,,,,,"1) Click chuột vào form
2) Ấn tab",,Unit,Fail,,,In Progress
SU05 - Tên - Tên đăng ký chỉ được phép nhập chữ,N4-14,10246,Story,Done,N4,N4_CD21LM1,software,Huy Ly,6057461f9620b5006ad26f53,,Medium,Done,,,Huy Ly,6057461f9620b5006ad26f53,Huy Ly,6057461f9620b5006ad26f53,05/Jan/23 2:17 PM,05/Jan/23 3:34 PM,05/Jan/23 5:20 PM,05/Jan/23 2:17 PM,,0,SignUp,Tên đăng ký chỉ được phép nhập chữ,,Huy Ly,6057461f9620b5006ad26f53,,,,,,,,,,,,,,,,Như mong đợi,,,,,,,,,,N4-1,,,Tên đăng ký chỉ được phép nhập chữ,,,,,0|i001hb:,,N4 Sprint 1,,,,,,,,"1) Nhập chữ vào form
2) Ấn tab",,Unit,Pass,,,Done
SU04 -Tên - Tên đăng ký không được nhập số,N4-13,10245,Bug,In Progress,N4,N4_CD21LM1,software,Huy Ly,6057461f9620b5006ad26f53,,Medium,,,,Huy Ly,6057461f9620b5006ad26f53,Huy Ly,6057461f9620b5006ad26f53,05/Jan/23 2:13 PM,05/Jan/23 5:13 PM,05/Jan/23 5:13 PM,,,0,SignUp,Tên đăng ký không được nhập số ,,Huy Ly,6057461f9620b5006ad26f53,,,,,,,,,,,,,,05/Jan/23 2:13 PM;6057461f9620b5006ad26f53;dk04.png;https://lyquanghuy.atlassian.net/secure/attachment/10154/dk04.png,,Không như mong đợi ,,,,,,,,,,N4-1,,,Hiển thị thông báo Không được nhập số trong form này ,,,,,0|i001h3:,,N4 Sprint 1,,,,,,,,"1) Nhập số vào form
2) Ấn tab",,Unit,Fail,,,In Progress
SU03 - Tên - Tên đăng ký không được có ký tự đặc biệt,N4-12,10244,Bug,In Progress,N4,N4_CD21LM1,software,Huy Ly,6057461f9620b5006ad26f53,,Medium,,,,Huy Ly,6057461f9620b5006ad26f53,Huy Ly,6057461f9620b5006ad26f53,05/Jan/23 2:09 PM,05/Jan/23 5:13 PM,05/Jan/23 5:20 PM,,,0,SignUp,Tên đăng ký không được có ký đặc biệt,,Huy Ly,6057461f9620b5006ad26f53,,,,,,,,,,,,,,05/Jan/23 2:08 PM;6057461f9620b5006ad26f53;dk03.png;https://lyquanghuy.atlassian.net/secure/attachment/10153/dk03.png,,không như mong đợi,,,,,,,,,,N4-1,,,Thông báo lỗi Tên đăng ký không được chứa ký tự đặc biệt,,,,,0|i001gv:,,N4 Sprint 1,,,,,,,,"1) Nhập ký tự đặc biệt vào form
2) Ấn tab",,Unit,Fail,,,In Progress
SU02 - Tên- Ký tự đầu tiên của tên không được để trốn,N4-11,10243,Bug,In Progress,N4,N4_CD21LM1,software,Huy Ly,6057461f9620b5006ad26f53,,Medium,,,,Huy Ly,6057461f9620b5006ad26f53,Huy Ly,6057461f9620b5006ad26f53,05/Jan/23 2:03 PM,05/Jan/23 5:12 PM,05/Jan/23 5:20 PM,,,0,SignUp,Ký tự đầu tiên không được để trống,,Huy Ly,6057461f9620b5006ad26f53,,,,,,,,,,,,,,05/Jan/23 2:02 PM;6057461f9620b5006ad26f53;dk02.png;https://lyquanghuy.atlassian.net/secure/attachment/10152/dk02.png,,Không như mong đợi,,,,,,,,,,N4-1,,,Thông báo lỗi ký tự đầu tiên là không được phép để trống,,,,,0|i001gn:,,N4 Sprint 1,,,,,,,,"1) Click chuột vào form và nhập khoảng cách
2) Ấn tab
",,Unit,Fail,,,In Progress
Payment,N4-10,10242,Epic,To Do,N4,N4_CD21LM1,software,Huy Ly,6057461f9620b5006ad26f53,,Medium,,,,Quang Duy Trịnh,617f80be20972200717ca06b,Quang Duy Trịnh,617f80be20972200717ca06b,05/Jan/23 1:58 PM,05/Jan/23 4:54 PM,05/Jan/23 5:20 PM,,,0,,,,Quang Duy Trịnh,617f80be20972200717ca06b,,,,,,,,,,,,,,,,,,,,,,,,,ghx-label-7,,Payment,To Do,,,purple,,,0|i001gf:,,,,,,,,,,,,,,,,To Do
SU01 - Tên - Tên đăng ký bắt buộc nhập,N4-9,10241,Bug,In Progress,N4,N4_CD21LM1,software,Huy Ly,6057461f9620b5006ad26f53,,Medium,,,,Huy Ly,6057461f9620b5006ad26f53,Huy Ly,6057461f9620b5006ad26f53,05/Jan/23 1:56 PM,05/Jan/23 5:12 PM,05/Jan/23 5:20 PM,,,0,SignUp,Tên đăng ký bắt buộc nhập,,Huy Ly,6057461f9620b5006ad26f53,,,,,,,,,,,,,,05/Jan/23 1:52 PM;6057461f9620b5006ad26f53;dk01.png;https://lyquanghuy.atlassian.net/secure/attachment/10151/dk01.png,,Không như mong đợi ,,,,,,,,,,N4-1,,,Tên đăng ký bắt buộc phải nhập,,,,,0|i001g7:,,N4 Sprint 1,,,,,,,,"1) Click chuột vào form tên
2) Ấn tab",,Unit,Fail,,,In Progress
History,N4-8,10240,Epic,To Do,N4,N4_CD21LM1,software,Huy Ly,6057461f9620b5006ad26f53,,Medium,,,,Quang Duy Trịnh,617f80be20972200717ca06b,Quang Duy Trịnh,617f80be20972200717ca06b,05/Jan/23 1:54 PM,05/Jan/23 5:08 PM,05/Jan/23 5:20 PM,,,0,,,,Quang Duy Trịnh,617f80be20972200717ca06b,,,,,,,,,,,,,,,,,,,,,,,,,ghx-label-7,,History,To Do,,,purple,,,0|i001fz:,,,,,,,,,,,,,,,,To Do
Reset Password,N4-7,10239,Epic,To Do,N4,N4_CD21LM1,software,Huy Ly,6057461f9620b5006ad26f53,,Medium,,,,Quang Duy Trịnh,617f80be20972200717ca06b,Quang Duy Trịnh,617f80be20972200717ca06b,05/Jan/23 1:52 PM,05/Jan/23 4:04 PM,05/Jan/23 5:20 PM,,08/Jan/23 12:00 AM,0,,,,Quang Duy Trịnh,617f80be20972200717ca06b,,,,,,,,,,,,,,,,,,,,,,,,,ghx-label-7,,Change Password,To Do,,,purple,,,0|i001fr:,,,26/Dec/22 12:00 AM,,,,,,,,,,,,,To Do
Edit Account,N4-6,10238,Epic,To Do,N4,N4_CD21LM1,software,Huy Ly,6057461f9620b5006ad26f53,,Medium,,,,Quang Duy Trịnh,617f80be20972200717ca06b,Quang Duy Trịnh,617f80be20972200717ca06b,05/Jan/23 1:49 PM,05/Jan/23 1:49 PM,05/Jan/23 5:20 PM,,,0,,,,Quang Duy Trịnh,617f80be20972200717ca06b,,,,,,,,,,,,,,,,,,,,,,,,,ghx-label-7,,Edit Account,To Do,,,purple,,,0|i001fj:,,,,,,,,,,,,,,,,To Do
Products,N4-5,10237,Epic,To Do,N4,N4_CD21LM1,software,Huy Ly,6057461f9620b5006ad26f53,,Medium,,,,Quang Duy Trịnh,617f80be20972200717ca06b,Quang Duy Trịnh,617f80be20972200717ca06b,05/Jan/23 1:48 PM,05/Jan/23 1:48 PM,05/Jan/23 5:20 PM,,,0,,,,Quang Duy Trịnh,617f80be20972200717ca06b,,,,,,,,,,,,,,,,,,,,,,,,,ghx-label-7,,Products,To Do,,,purple,,,0|i001fb:,,,,,,,,,,,,,,,,To Do
Shopping Cart,N4-4,10236,Epic,To Do,N4,N4_CD21LM1,software,Huy Ly,6057461f9620b5006ad26f53,,Medium,,,,Quang Duy Trịnh,617f80be20972200717ca06b,Quang Duy Trịnh,617f80be20972200717ca06b,05/Jan/23 1:42 PM,05/Jan/23 4:23 PM,05/Jan/23 5:20 PM,,,0,,,,Quang Duy Trịnh,617f80be20972200717ca06b,,,,,,,,,,,,,,,,,,,,,,,,,ghx-label-7,,Shopping Cart,To Do,,,purple,,,0|i001f3:,,,,,,,,,,,,,,,,To Do
Search,N4-3,10235,Epic,To Do,N4,N4_CD21LM1,software,Huy Ly,6057461f9620b5006ad26f53,,Medium,,,,Quang Duy Trịnh,617f80be20972200717ca06b,Quang Duy Trịnh,617f80be20972200717ca06b,05/Jan/23 1:42 PM,05/Jan/23 5:19 PM,05/Jan/23 5:20 PM,,,0,,,,Quang Duy Trịnh,617f80be20972200717ca06b,,,,,,,,,,,,,,,,,,,,,,,,,ghx-label-7,,Search,To Do,,,purple,,,0|i001ev:,,,,,,,,,,,,,,,,To Do
Log in,N4-2,10234,Epic,To Do,N4,N4_CD21LM1,software,Huy Ly,6057461f9620b5006ad26f53,,Medium,,,,Quang Duy Trịnh,617f80be20972200717ca06b,Quang Duy Trịnh,617f80be20972200717ca06b,05/Jan/23 1:41 PM,05/Jan/23 5:17 PM,05/Jan/23 5:20 PM,,,0,,,,Quang Duy Trịnh,617f80be20972200717ca06b,,,,,,,,,,,,,,,,,,,,,,,,,ghx-label-7,,Log in,To Do,,,purple,,,0|i001en:,,,,,,,,,,,,,,,,To Do
Sign up,N4-1,10233,Epic,To Do,N4,N4_CD21LM1,software,Huy Ly,6057461f9620b5006ad26f53,,Medium,,,,Quang Duy Trịnh,617f80be20972200717ca06b,Quang Duy Trịnh,617f80be20972200717ca06b,05/Jan/23 1:41 PM,05/Jan/23 4:45 PM,05/Jan/23 5:20 PM,,,0,,,,Quang Duy Trịnh,617f80be20972200717ca06b,,,,,,,,,,,,,,,,,,,,,,,,,ghx-label-7,,Sign up,To Do,,,purple,,,0|i001ef:,,,,,,,,,,,,,,,,To Do
